{
    "epoch": 50.0,
    "eval_accuracy": 0.8921568627450981,
    "eval_combined_score": 0.9070713391739675,
    "eval_f1": 0.9219858156028369,
    "eval_loss": 0.45078369975090027,
    "eval_runtime": 2.8527,
    "eval_samples": 408,
    "eval_samples_per_second": 143.022,
    "eval_steps_per_second": 17.878
}