{
    "epoch": 50.0,
    "total_flos": 4.36441308592128e+16,
    "train_loss": 0.16598460106227708,
    "train_runtime": 2583.5947,
    "train_samples": 3668,
    "train_samples_per_second": 70.986,
    "train_steps_per_second": 2.226
}