{
    "epoch": 50.0,
    "eval_accuracy": 0.8897058823529411,
    "eval_combined_score": 0.9047459893048129,
    "eval_f1": 0.9197860962566845,
    "eval_loss": 0.4459899067878723,
    "eval_runtime": 3.0108,
    "eval_samples": 408,
    "eval_samples_per_second": 135.512,
    "eval_steps_per_second": 16.939
}