{
    "epoch": 50.0,
    "total_flos": 4.36441308592128e+16,
    "train_loss": 0.16314022151283597,
    "train_runtime": 2692.7779,
    "train_samples": 3668,
    "train_samples_per_second": 68.108,
    "train_steps_per_second": 2.135
}