{
    "epoch": 50.0,
    "eval_accuracy": 0.8700980392156863,
    "eval_combined_score": 0.8884760846342052,
    "eval_f1": 0.9068541300527241,
    "eval_loss": 0.5065698027610779,
    "eval_runtime": 2.7691,
    "eval_samples": 408,
    "eval_samples_per_second": 147.343,
    "eval_steps_per_second": 18.418,
    "total_flos": 4.36441308592128e+16,
    "train_loss": 0.1648538823646048,
    "train_runtime": 24636.9088,
    "train_samples": 3668,
    "train_samples_per_second": 7.444,
    "train_steps_per_second": 0.233
}