{
    "epoch": 50.0,
    "eval_accuracy": 0.8970588235294118,
    "eval_combined_score": 0.9115575807787903,
    "eval_f1": 0.926056338028169,
    "eval_loss": 0.47446876764297485,
    "eval_runtime": 3.1111,
    "eval_samples": 408,
    "eval_samples_per_second": 131.142,
    "eval_steps_per_second": 16.393,
    "total_flos": 4.36441308592128e+16,
    "train_loss": 0.16437767642477286,
    "train_runtime": 2771.2906,
    "train_samples": 3668,
    "train_samples_per_second": 66.179,
    "train_steps_per_second": 2.075
}