{
    "epoch": 50.0,
    "total_flos": 4.36441308592128e+16,
    "train_loss": 0.16437767642477286,
    "train_runtime": 2771.2906,
    "train_samples": 3668,
    "train_samples_per_second": 66.179,
    "train_steps_per_second": 2.075
}