{
    "epoch": 50.0,
    "eval_accuracy": 0.8946078431372549,
    "eval_combined_score": 0.9091156444815938,
    "eval_f1": 0.9236234458259325,
    "eval_loss": 0.5563321709632874,
    "eval_runtime": 2.9153,
    "eval_samples": 408,
    "eval_samples_per_second": 139.949,
    "eval_steps_per_second": 17.494,
    "total_flos": 4.36441308592128e+16,
    "train_loss": 0.13313970058638117,
    "train_runtime": 2745.9492,
    "train_samples": 3668,
    "train_samples_per_second": 66.789,
    "train_steps_per_second": 2.094
}