{
    "epoch": 50.0,
    "eval_accuracy": 0.8946078431372549,
    "eval_combined_score": 0.9091156444815938,
    "eval_f1": 0.9236234458259325,
    "eval_loss": 0.5563321709632874,
    "eval_runtime": 2.9153,
    "eval_samples": 408,
    "eval_samples_per_second": 139.949,
    "eval_steps_per_second": 17.494
}