{
    "epoch": 50.0,
    "eval_accuracy": 0.8848039215686274,
    "eval_combined_score": 0.9012460938841386,
    "eval_f1": 0.9176882661996497,
    "eval_loss": 0.4992775321006775,
    "eval_runtime": 3.1076,
    "eval_samples": 408,
    "eval_samples_per_second": 131.289,
    "eval_steps_per_second": 16.411,
    "total_flos": 4.36441308592128e+16,
    "train_loss": 0.16448153532587964,
    "train_runtime": 2748.8767,
    "train_samples": 3668,
    "train_samples_per_second": 66.718,
    "train_steps_per_second": 2.092
}