{
    "epoch": 50.0,
    "total_flos": 4.36441308592128e+16,
    "train_loss": 0.16448153532587964,
    "train_runtime": 2748.8767,
    "train_samples": 3668,
    "train_samples_per_second": 66.718,
    "train_steps_per_second": 2.092
}