{
    "epoch": 50.0,
    "eval_accuracy": 0.8921568627450981,
    "eval_combined_score": 0.907209173422019,
    "eval_f1": 0.9222614840989399,
    "eval_loss": 0.5315383672714233,
    "eval_runtime": 2.8581,
    "eval_samples": 408,
    "eval_samples_per_second": 142.751,
    "eval_steps_per_second": 17.844,
    "total_flos": 4.36441308592128e+16,
    "train_loss": 0.15996748612238013,
    "train_runtime": 2584.7256,
    "train_samples": 3668,
    "train_samples_per_second": 70.955,
    "train_steps_per_second": 2.225
}