{
    "epoch": 50.0,
    "total_flos": 4.36441308592128e+16,
    "train_loss": 0.15996748612238013,
    "train_runtime": 2584.7256,
    "train_samples": 3668,
    "train_samples_per_second": 70.955,
    "train_steps_per_second": 2.225
}