{
    "epoch": 50.0,
    "eval_accuracy": 0.9019607843137255,
    "eval_combined_score": 0.9158926728586171,
    "eval_f1": 0.9298245614035087,
    "eval_loss": 0.7074252367019653,
    "eval_runtime": 2.912,
    "eval_samples": 408,
    "eval_samples_per_second": 140.111,
    "eval_steps_per_second": 17.514,
    "total_flos": 4.36441308592128e+16,
    "train_loss": 0.13269073696240136,
    "train_runtime": 2822.4403,
    "train_samples": 3668,
    "train_samples_per_second": 64.979,
    "train_steps_per_second": 2.037
}