{
    "epoch": 50.0,
    "total_flos": 4.36441308592128e+16,
    "train_loss": 0.13269073696240136,
    "train_runtime": 2822.4403,
    "train_samples": 3668,
    "train_samples_per_second": 64.979,
    "train_steps_per_second": 2.037
}