{
    "epoch": 50.0,
    "eval_accuracy": 0.8823529411764706,
    "eval_combined_score": 0.8989229494614748,
    "eval_f1": 0.915492957746479,
    "eval_loss": 0.4730217754840851,
    "eval_runtime": 3.0237,
    "eval_samples": 408,
    "eval_samples_per_second": 134.934,
    "eval_steps_per_second": 16.867,
    "total_flos": 4.36441308592128e+16,
    "train_loss": 0.16684851455688476,
    "train_runtime": 2724.8128,
    "train_samples": 3668,
    "train_samples_per_second": 67.307,
    "train_steps_per_second": 2.11
}