{
    "epoch": 50.0,
    "total_flos": 4.36441308592128e+16,
    "train_loss": 0.16684851455688476,
    "train_runtime": 2724.8128,
    "train_samples": 3668,
    "train_samples_per_second": 67.307,
    "train_steps_per_second": 2.11
}