{
    "epoch": 50.0,
    "eval_accuracy": 0.8774509803921569,
    "eval_combined_score": 0.8948658410732715,
    "eval_f1": 0.912280701754386,
    "eval_loss": 0.5172784328460693,
    "eval_runtime": 2.8941,
    "eval_samples": 408,
    "eval_samples_per_second": 140.978,
    "eval_steps_per_second": 17.622,
    "total_flos": 4.36441308592128e+16,
    "train_loss": 0.17321615834858106,
    "train_runtime": 2467.9719,
    "train_samples": 3668,
    "train_samples_per_second": 74.312,
    "train_steps_per_second": 2.33
}