{
    "epoch": 50.0,
    "eval_accuracy": 0.8774509803921569,
    "eval_combined_score": 0.8948658410732715,
    "eval_f1": 0.912280701754386,
    "eval_loss": 0.5172784328460693,
    "eval_runtime": 2.8941,
    "eval_samples": 408,
    "eval_samples_per_second": 140.978,
    "eval_steps_per_second": 17.622
}