{
    "epoch": 50.0,
    "total_flos": 4.36441308592128e+16,
    "train_loss": 0.13077668664766395,
    "train_runtime": 2688.0612,
    "train_samples": 3668,
    "train_samples_per_second": 68.228,
    "train_steps_per_second": 2.139
}