{
    "epoch": 50.0,
    "eval_accuracy": 0.8995098039215687,
    "eval_combined_score": 0.9132130124777184,
    "eval_f1": 0.9269162210338681,
    "eval_loss": 0.6009908318519592,
    "eval_runtime": 2.9575,
    "eval_samples": 408,
    "eval_samples_per_second": 137.954,
    "eval_steps_per_second": 17.244,
    "total_flos": 4.36441308592128e+16,
    "train_loss": 0.13423543684119763,
    "train_runtime": 2509.0432,
    "train_samples": 3668,
    "train_samples_per_second": 73.096,
    "train_steps_per_second": 2.292
}