{
    "epoch": 50.0,
    "total_flos": 4.36441308592128e+16,
    "train_loss": 0.13423543684119763,
    "train_runtime": 2509.0432,
    "train_samples": 3668,
    "train_samples_per_second": 73.096,
    "train_steps_per_second": 2.292
}