{
    "epoch": 50.0,
    "eval_accuracy": 0.9019607843137255,
    "eval_combined_score": 0.9158926728586171,
    "eval_f1": 0.9298245614035087,
    "eval_loss": 0.5711209177970886,
    "eval_runtime": 2.8096,
    "eval_samples": 408,
    "eval_samples_per_second": 145.217,
    "eval_steps_per_second": 18.152
}