{
    "epoch": 50.0,
    "eval_accuracy": 0.8897058823529411,
    "eval_combined_score": 0.9058581404832297,
    "eval_f1": 0.9220103986135182,
    "eval_loss": 0.6525349617004395,
    "eval_runtime": 3.0872,
    "eval_samples": 408,
    "eval_samples_per_second": 132.159,
    "eval_steps_per_second": 16.52,
    "total_flos": 4.36441308592128e+16,
    "train_loss": 0.12868706152750098,
    "train_runtime": 2768.8733,
    "train_samples": 3668,
    "train_samples_per_second": 66.236,
    "train_steps_per_second": 2.077
}