{
    "epoch": 50.0,
    "total_flos": 4.36441308592128e+16,
    "train_loss": 0.12868706152750098,
    "train_runtime": 2768.8733,
    "train_samples": 3668,
    "train_samples_per_second": 66.236,
    "train_steps_per_second": 2.077
}