{
    "epoch": 50.0,
    "eval_accuracy": 0.8970588235294118,
    "eval_combined_score": 0.9112953692115144,
    "eval_f1": 0.925531914893617,
    "eval_loss": 0.4897508919239044,
    "eval_runtime": 3.2814,
    "eval_samples": 408,
    "eval_samples_per_second": 124.336,
    "eval_steps_per_second": 15.542
}