{
    "epoch": 50.0,
    "total_flos": 4.36441308592128e+16,
    "train_loss": 0.16289077578420225,
    "train_runtime": 3051.643,
    "train_samples": 3668,
    "train_samples_per_second": 60.099,
    "train_steps_per_second": 1.884
}