{
    "epoch": 50.0,
    "eval_accuracy": 0.8946078431372549,
    "eval_combined_score": 0.9092508242234947,
    "eval_f1": 0.9238938053097344,
    "eval_loss": 0.6839329600334167,
    "eval_runtime": 2.7417,
    "eval_samples": 408,
    "eval_samples_per_second": 148.815,
    "eval_steps_per_second": 18.602,
    "total_flos": 4.36441308592128e+16,
    "train_loss": 0.13170169841724894,
    "train_runtime": 2725.9127,
    "train_samples": 3668,
    "train_samples_per_second": 67.28,
    "train_steps_per_second": 2.109
}