{
    "epoch": 50.0,
    "total_flos": 4.36441308592128e+16,
    "train_loss": 0.13170169841724894,
    "train_runtime": 2725.9127,
    "train_samples": 3668,
    "train_samples_per_second": 67.28,
    "train_steps_per_second": 2.109
}