{
    "epoch": 50.0,
    "eval_accuracy": 0.9093137254901961,
    "eval_combined_score": 0.9219134999132397,
    "eval_f1": 0.9345132743362833,
    "eval_loss": 0.6609227657318115,
    "eval_runtime": 2.8052,
    "eval_samples": 408,
    "eval_samples_per_second": 145.445,
    "eval_steps_per_second": 18.181
}