{
    "epoch": 50.0,
    "total_flos": 4.36441308592128e+16,
    "train_loss": 0.1336346632812334,
    "train_runtime": 2575.0188,
    "train_samples": 3668,
    "train_samples_per_second": 71.223,
    "train_steps_per_second": 2.233
}