{
    "epoch": 50.0,
    "eval_accuracy": 0.8799019607843137,
    "eval_combined_score": 0.8962789661319073,
    "eval_f1": 0.9126559714795008,
    "eval_loss": 0.6341687440872192,
    "eval_runtime": 3.0853,
    "eval_samples": 408,
    "eval_samples_per_second": 132.242,
    "eval_steps_per_second": 16.53,
    "total_flos": 4.36441308592128e+16,
    "train_loss": 0.13415953238891518,
    "train_runtime": 2694.9498,
    "train_samples": 3668,
    "train_samples_per_second": 68.053,
    "train_steps_per_second": 2.134
}