{
    "epoch": 50.0,
    "eval_accuracy": 0.875,
    "eval_combined_score": 0.8931521739130435,
    "eval_f1": 0.9113043478260869,
    "eval_loss": 0.6489832401275635,
    "eval_runtime": 2.7882,
    "eval_samples": 408,
    "eval_samples_per_second": 146.329,
    "eval_steps_per_second": 18.291,
    "total_flos": 4.36441308592128e+16,
    "train_loss": 0.1300153673213461,
    "train_runtime": 2626.9208,
    "train_samples": 3668,
    "train_samples_per_second": 69.816,
    "train_steps_per_second": 2.189
}