{
    "epoch": 50.0,
    "eval_accuracy": 0.875,
    "eval_combined_score": 0.8931521739130435,
    "eval_f1": 0.9113043478260869,
    "eval_loss": 0.6489832401275635,
    "eval_runtime": 2.7882,
    "eval_samples": 408,
    "eval_samples_per_second": 146.329,
    "eval_steps_per_second": 18.291
}