{
    "epoch": 50.0,
    "eval_accuracy": 0.8872549019607843,
    "eval_combined_score": 0.9032765737874097,
    "eval_f1": 0.9192982456140351,
    "eval_loss": 0.4176606833934784,
    "eval_runtime": 2.9684,
    "eval_samples": 408,
    "eval_samples_per_second": 137.448,
    "eval_steps_per_second": 17.181,
    "total_flos": 4.36441308592128e+16,
    "train_loss": 0.16156477401567543,
    "train_runtime": 2658.2925,
    "train_samples": 3668,
    "train_samples_per_second": 68.992,
    "train_steps_per_second": 2.163
}