{
    "epoch": 50.0,
    "eval_accuracy": 0.8872549019607843,
    "eval_combined_score": 0.9032765737874097,
    "eval_f1": 0.9192982456140351,
    "eval_loss": 0.4176606833934784,
    "eval_runtime": 2.9684,
    "eval_samples": 408,
    "eval_samples_per_second": 137.448,
    "eval_steps_per_second": 17.181
}