{
    "epoch": 50.0,
    "total_flos": 4.36441308592128e+16,
    "train_loss": 0.16156477401567543,
    "train_runtime": 2658.2925,
    "train_samples": 3668,
    "train_samples_per_second": 68.992,
    "train_steps_per_second": 2.163
}